{
    "loss": 2.091831684112549,
    "accuracy": 0.7338129281997681
}