{
    "loss": 7.567546844482422,
    "accuracy": 0.7050359845161438
}