{"data_time": 0.0028607910003302095, "eta_seconds": 40814.417708369685, "fast_rcnn/cls_accuracy": 0.02978515625, "fast_rcnn/false_negative": 0.0, "fast_rcnn/fg_cls_accuracy": 0.046798029556650245, "iteration": 19, "loss_box_reg": 0.16315827518701553, "loss_cls": 2.14895236492157, "loss_mask": 0.6938559412956238, "loss_rpn_cls": 0.04435654915869236, "loss_rpn_loc": 0.023035328835248947, "lr": 4.99525e-06, "mask_rcnn/accuracy": 0.4155974796704663, "mask_rcnn/false_negative": 0.7027708769802488, "mask_rcnn/false_positive": 0.40218994347791315, "rank_data_time": 0.0028607910003302095, "roi_head/num_bg_samples": 491.5, "roi_head/num_fg_samples": 20.5, "rpn/num_neg_anchors": 247.75, "rpn/num_pos_anchors": 8.25, "time": 8.195666206499936, "total_loss": 3.0624377459753305}
{"eta_seconds": 41840.578597089116, "fast_rcnn/cls_accuracy": 0.26171875, "fast_rcnn/false_negative": 0.0752112676056338, "fast_rcnn/fg_cls_accuracy": 0.0536007217847769, "iteration": 36, "mask_rcnn/accuracy": 0.5565291747289256, "mask_rcnn/false_negative": 0.3151035203036907, "mask_rcnn/false_positive": 0.5520099606467371, "roi_head/num_bg_samples": 489.0, "roi_head/num_fg_samples": 23.0, "rpn/num_neg_anchors": 247.0, "rpn/num_pos_anchors": 9.0}
{"data_time": 0.0031531089998679818, "iteration": 35, "loss_box_reg": 0.20058972388505936, "loss_cls": 1.9833691716194153, "loss_mask": 0.6928987503051758, "loss_rpn_cls": 0.09137409180402756, "loss_rpn_loc": 0.022178403101861477, "lr": 8.99125e-06, "rank_data_time": 0.0031531089998679818, "time": 8.630751888500072, "total_loss": 3.0489146932959557}
{"data_time": 0.0046061729999564704, "eta_seconds": 1340.567168080015, "fast_rcnn/cls_accuracy": 0.09912109375, "fast_rcnn/false_negative": 0.02962962962962963, "fast_rcnn/fg_cls_accuracy": 0.005813953488372093, "iteration": 19, "loss_box_reg": 0.24882061779499054, "loss_cls": 2.080724835395813, "loss_mask": 0.6924450695514679, "loss_rpn_cls": 0.11095946282148361, "loss_rpn_loc": 0.02952019590884447, "lr": 4.7702500000000006e-05, "mask_rcnn/accuracy": 0.5469582637218613, "mask_rcnn/false_negative": 0.06239231445675402, "mask_rcnn/false_positive": 0.9631216914038132, "rank_data_time": 0.0046061729999564704, "roi_head/num_bg_samples": 480.5, "roi_head/num_fg_samples": 31.5, "rpn/num_neg_anchors": 244.75, "rpn/num_pos_anchors": 11.25, "time": 16.75708960100019, "total_loss": 3.0890158861875534}
{"data_time": 0.00645794600040972, "eta_seconds": 966.6163604099893, "fast_rcnn/cls_accuracy": 0.951171875, "fast_rcnn/false_negative": 1.0, "fast_rcnn/fg_cls_accuracy": 0.0, "iteration": 39, "loss_box_reg": 0.16014177352190018, "loss_cls": 0.6270487010478973, "loss_mask": 0.6831871867179871, "loss_rpn_cls": 0.023074821569025517, "loss_rpn_loc": 0.013307586777955294, "lr": 9.76525e-05, "mask_rcnn/accuracy": 0.7725063775510204, "mask_rcnn/false_negative": 0.032411049128434004, "mask_rcnn/false_positive": 0.6338277515314946, "rank_data_time": 0.00645794600040972, "roi_head/num_bg_samples": 491.0, "roi_head/num_fg_samples": 21.0, "rpn/num_neg_anchors": 247.75, "rpn/num_pos_anchors": 8.25, "time": 15.752762191999864, "total_loss": 1.6439026440493762}
{"data_time": 0.0061568639994220575, "eta_seconds": 637.6486550199843, "fast_rcnn/cls_accuracy": 0.96337890625, "fast_rcnn/false_negative": 1.0, "fast_rcnn/fg_cls_accuracy": 0.0, "iteration": 59, "loss_box_reg": 0.15352100133895874, "loss_cls": 0.20328007638454437, "loss_mask": 0.6617415845394135, "loss_rpn_cls": 0.07549187541007996, "loss_rpn_loc": 0.01994790881872177, "lr": 0.0001476025, "mask_rcnn/accuracy": 0.6460563733690197, "mask_rcnn/false_negative": 1.4820523460888639e-05, "mask_rcnn/false_positive": 0.9955704963417046, "rank_data_time": 0.0061568639994220575, "roi_head/num_bg_samples": 493.25, "roi_head/num_fg_samples": 18.75, "rpn/num_neg_anchors": 246.5, "rpn/num_pos_anchors": 9.5, "time": 15.543524457499188, "total_loss": 1.079365411773324}
{"data_time": 0.006469792499956384, "eta_seconds": 320.2036842199959, "fast_rcnn/cls_accuracy": 0.9541015625, "fast_rcnn/false_negative": 1.0, "fast_rcnn/fg_cls_accuracy": 0.0, "iteration": 79, "loss_box_reg": 0.17376358807086945, "loss_cls": 0.2182660773396492, "loss_mask": 0.6342316567897797, "loss_rpn_cls": 0.01885252073407173, "loss_rpn_loc": 0.011736484244465828, "lr": 0.00019755250000000002, "mask_rcnn/accuracy": 0.6430114782748412, "mask_rcnn/false_negative": 0.0020097254339382985, "mask_rcnn/false_positive": 0.8019721533166094, "rank_data_time": 0.006469792499956384, "roi_head/num_bg_samples": 488.5, "roi_head/num_fg_samples": 23.5, "rpn/num_neg_anchors": 248.0, "rpn/num_pos_anchors": 8.0, "time": 16.174403613999857, "total_loss": 1.065638046246022}
{"data_time": 0.005915888001254643, "eta_seconds": 0.0, "fast_rcnn/cls_accuracy": 0.96044921875, "fast_rcnn/false_negative": 1.0, "fast_rcnn/fg_cls_accuracy": 0.0, "iteration": 99, "loss_box_reg": 0.15714433044195175, "loss_cls": 0.1935763955116272, "loss_mask": 0.596504271030426, "loss_rpn_cls": 0.014556774869561195, "loss_rpn_loc": 0.012373827397823334, "lr": 0.0002475025, "mask_rcnn/accuracy": 0.7326305522208884, "mask_rcnn/false_negative": 0.0035194368900975845, "mask_rcnn/false_positive": 0.7118532161100879, "rank_data_time": 0.005915888001254643, "roi_head/num_bg_samples": 491.75, "roi_head/num_fg_samples": 20.25, "rpn/num_neg_anchors": 247.25, "rpn/num_pos_anchors": 8.75, "time": 14.903941477500666, "total_loss": 0.9991206456907094}
